{
  "options": {
    "summaryTrendStats": [
      "avg",
      "min",
      "med",
      "max",
      "p(90)",
      "p(95)",
      "p(99)"
    ],
    "summaryTimeUnit": "",
    "noColor": false
  },
  "state": {
    "isStdOutTTY": true,
    "isStdErrTTY": true,
    "testRunDurationMs": 40494.5513
  },
  "metrics": {
    "http_req_failed": {
      "type": "rate",
      "contains": "default",
      "values": {
        "rate": 0,
        "passes": 0,
        "fails": 40
      }
    },
    "checks": {
      "type": "rate",
      "contains": "default",
      "values": {
        "fails": 0,
        "rate": 1,
        "passes": 60
      }
    },
    "latency_product_update": {
      "values": {
        "med": 15.4513,
        "max": 90.6428,
        "p(90)": 75.6045,
        "p(95)": 83.12364999999998,
        "p(99)": 89.13896999999999,
        "avg": 39.4734,
        "min": 12.3261
      },
      "thresholds": {
        "p(95)<800": {
          "ok": true
        }
      },
      "type": "trend",
      "contains": "time"
    },
    "http_req_sending": {
      "type": "trend",
      "contains": "time",
      "values": {
        "p(99)": 0.6090889999999999,
        "avg": 0.029657500000000003,
        "min": 0,
        "med": 0,
        "max": 0.6656,
        "p(90)": 0,
        "p(95)": 0.02603499999999852
      }
    },
    "http_req_connecting": {
      "type": "trend",
      "contains": "time",
      "values": {
        "max": 1.5808,
        "p(90)": 0.05494000000000078,
        "p(95)": 0.7252949999999976,
        "p(99)": 1.574638,
        "avg": 0.10940750000000002,
        "min": 0,
        "med": 0
      }
    },
    "functional_error_rate": {
      "type": "rate",
      "contains": "default",
      "values": {
        "rate": 0,
        "passes": 0,
        "fails": 22
      },
      "thresholds": {
        "rate<0.01": {
          "ok": true
        }
      }
    },
    "group_duration": {
      "type": "trend",
      "contains": "time",
      "values": {
        "p(99)": 7179.589941,
        "avg": 3207.0046333333335,
        "min": 1748.0745,
        "med": 2409.03135,
        "max": 7217.1293,
        "p(90)": 6579.155030000002,
        "p(95)": 7029.432505
      }
    },
    "iteration_duration": {
      "type": "trend",
      "contains": "time",
      "values": {
        "p(90)": 9113.84793,
        "p(95)": 9459.999225,
        "p(99)": 9471.670885,
        "avg": 5608.267241666667,
        "min": 3629.2939,
        "med": 4991.715749999999,
        "max": 9474.5888
      }
    },
    "http_req_tls_handshaking": {
      "values": {
        "min": 0,
        "med": 0,
        "max": 0,
        "p(90)": 0,
        "p(95)": 0,
        "p(99)": 0,
        "avg": 0
      },
      "type": "trend",
      "contains": "time"
    },
    "latency_admin_products": {
      "values": {
        "max": 38.3706,
        "p(90)": 34.07518,
        "p(95)": 36.22289,
        "p(99)": 37.941058,
        "avg": 22.7745,
        "min": 13.0594,
        "med": 16.8935
      },
      "thresholds": {
        "p(95)<1000": {
          "ok": true
        }
      },
      "type": "trend",
      "contains": "time"
    },
    "latency_admin_users": {
      "type": "trend",
      "contains": "time",
      "values": {
        "med": 64.3331,
        "max": 64.3331,
        "p(90)": 64.3331,
        "p(95)": 64.3331,
        "p(99)": 64.3331,
        "avg": 64.3331,
        "min": 64.3331
      },
      "thresholds": {
        "p(95)<800": {
          "ok": true
        }
      }
    },
    "latency_dashboard": {
      "type": "trend",
      "contains": "time",
      "values": {
        "max": 279.2906,
        "p(90)": 254.46744999999999,
        "p(95)": 266.87902499999996,
        "p(99)": 276.808285,
        "avg": 170.45711666666668,
        "min": 106.3351,
        "med": 140.52015
      },
      "thresholds": {
        "p(95)<3000": {
          "ok": true
        }
      }
    },
    "http_req_blocked": {
      "type": "trend",
      "contains": "time",
      "values": {
        "avg": 0.1385825,
        "min": 0,
        "med": 0,
        "max": 1.5808,
        "p(90)": 0.5625700000000002,
        "p(95)": 1.186899999999999,
        "p(99)": 1.574638
      }
    },
    "http_req_duration": {
      "type": "trend",
      "contains": "time",
      "values": {
        "med": 181.7413,
        "max": 411.6938,
        "p(90)": 401.08675,
        "p(95)": 407.66974999999996,
        "p(99)": 411.096983,
        "avg": 210.53633499999995,
        "min": 2.1372
      },
      "thresholds": {
        "p(95)<2000": {
          "ok": true
        },
        "p(99)<5000": {
          "ok": true
        }
      }
    },
    "vus": {
      "type": "gauge",
      "contains": "default",
      "values": {
        "max": 3,
        "value": 3,
        "min": 1
      }
    },
    "http_reqs": {
      "type": "counter",
      "contains": "default",
      "values": {
        "count": 40,
        "rate": 0.9877872137331227
      }
    },
    "http_req_receiving": {
      "type": "trend",
      "contains": "time",
      "values": {
        "p(95)": 1.9099249999999965,
        "p(99)": 5.256102999999998,
        "avg": 0.62856,
        "min": 0,
        "med": 0.1833,
        "max": 6.6493,
        "p(90)": 1.3380300000000005
      }
    },
    "data_sent": {
      "type": "counter",
      "contains": "data",
      "values": {
        "count": 18036,
        "rate": 445.393254672265
      }
    },
    "latency_admin_orders": {
      "thresholds": {
        "p(95)<1000": {
          "ok": true
        }
      },
      "type": "trend",
      "contains": "time",
      "values": {
        "p(90)": 269.88755000000003,
        "p(95)": 282.61182499999995,
        "p(99)": 292.79124499999995,
        "avg": 175.373975,
        "min": 42.6772,
        "med": 181.7413,
        "max": 295.3361
      }
    },
    "latency_product_create": {
      "contains": "time",
      "values": {
        "p(99)": 19.07778,
        "avg": 15.127666666666665,
        "min": 7.574,
        "med": 18.724,
        "max": 19.085,
        "p(90)": 19.012800000000002,
        "p(95)": 19.0489
      },
      "thresholds": {
        "p(95)<1000": {
          "ok": true
        }
      },
      "type": "trend"
    },
    "http_req_waiting": {
      "type": "trend",
      "contains": "time",
      "values": {
        "max": 411.6938,
        "p(90)": 401.08675,
        "p(95)": 407.12628,
        "p(99)": 410.754836,
        "avg": 209.8781175,
        "min": 1.6165,
        "med": 181.7413
      }
    },
    "sla_breach_rate": {
      "type": "rate",
      "contains": "default",
      "values": {
        "rate": 0,
        "passes": 0,
        "fails": 22
      },
      "thresholds": {
        "rate<0.05": {
          "ok": true
        }
      }
    },
    "data_received": {
      "values": {
        "count": 5934030,
        "rate": 146538.97399771906
      },
      "type": "counter",
      "contains": "data"
    },
    "vus_max": {
      "type": "gauge",
      "contains": "default",
      "values": {
        "value": 30,
        "min": 30,
        "max": 30
      }
    },
    "iterations": {
      "type": "counter",
      "contains": "default",
      "values": {
        "count": 12,
        "rate": 0.2963361641199368
      }
    },
    "payload_size_bytes": {
      "type": "trend",
      "contains": "time",
      "values": {
        "avg": 963007,
        "min": 963007,
        "med": 963007,
        "max": 963007,
        "p(90)": 963007,
        "p(95)": 963007,
        "p(99)": 963007
      }
    },
    "http_req_duration{expected_response:true}": {
      "type": "trend",
      "contains": "time",
      "values": {
        "p(99)": 411.096983,
        "avg": 210.53633499999995,
        "min": 2.1372,
        "med": 181.7413,
        "max": 411.6938,
        "p(90)": 401.08675,
        "p(95)": 407.66974999999996
      }
    },
    "admin_order_update_skip": {
      "type": "counter",
      "contains": "default",